<?xml version="1.0"?>
<!--Created by Liquid XML 2008 (www.liquid-technologies.com) for ALTERA CORPORATION-->
<ProgramExecution xmlns:xs="http://www.w3.org/2001/XMLSchema-instance">
	<QuartusExecution>
		<AddressBits>32</AddressBits>
		<ApplicationError>
		<CommandLine/>		<ErrorMessage></ErrorMessage>
		<Line>615</Line>
		<SourceFile>/quartus/synth/ftm/ftm_buffer.cpp</SourceFile>
		<StackTrace>
	  0x404f5f0: SYNTH_OPT + 0x2f5f0 (?post_extraction_processing@RTL_ROOT@@QAIXPAVCDB_SGATE_HIERARCHY@@@Z + 0x2c2e0)
	  0x5bd54aa: SYNTH_FTM + 0xc54aa (?delete_soft_buffers@FTM_BUFFER@@AAIHPAVCDB_SGATE_NETLIST@@_N@Z + 0xca)
	  0x5bd4b8e: SYNTH_FTM + 0xc4b8e (?post_lutmap@FTM_BUFFER@@QAIXPAVCDB_SGATE_NETLIST@@@Z + 0x2e)
	  0x5b2afc2: SYNTH_FTM + 0x1afc2 (?start_normal_flow@FTM_ROOT_IMPL@@AAIPAVCDB_ATOM_NETLIST@@XZ + 0x122)
	  0x5b2a8ea: SYNTH_FTM + 0x1a8ea (?start@FTM_ROOT_IMPL@@QAIPAVCDB_ATOM_NETLIST@@XZ + 0x9a)
	  0x3d7de81: SYNTH_SCL + 0x4de81 (?scl_start@@YI_NPAVCMP_FACADE@@_N@Z + 0x49ca1)
	   0x16a268: ccl_mem + 0xa268 (?mem_realloc_wrapper@@YIPAXPAXIPAVMEM_TRACKER_THUNK@@PBD@Z + 0x188)
	 0x742ba4db: MSVCR90 + 0x3a4db (_time64 + 0x2f)
	  0x3d7e62f: SYNTH_SCL + 0x4e62f (?scl_start@@YI_NPAVCMP_FACADE@@_N@Z + 0x4a44f)
	  0x3daa20e: SYNTH_SCL + 0x7a20e (?scl_start@@YI_NPAVCMP_FACADE@@_N@Z + 0x7602e)
	  0x3daa225: SYNTH_SCL + 0x7a225 (?scl_start@@YI_NPAVCMP_FACADE@@_N@Z + 0x76045)
	  0x3d7da83: SYNTH_SCL + 0x4da83 (?scl_start@@YI_NPAVCMP_FACADE@@_N@Z + 0x498a3)
	  0x3d4b735: SYNTH_SCL + 0x1b735 (?scl_start@@YI_NPAVCMP_FACADE@@_N@Z + 0x17555)
	  0x3d4ec91: SYNTH_SCL + 0x1ec91 (?scl_start@@YI_NPAVCMP_FACADE@@_N@Z + 0x1aab1)
	  0x3d54ae2: SYNTH_SCL + 0x24ae2 (?scl_start@@YI_NPAVCMP_FACADE@@_N@Z + 0x20902)
	  0x3d5509d: SYNTH_SCL + 0x2509d (?scl_start@@YI_NPAVCMP_FACADE@@_N@Z + 0x20ebd)
	  0x2b02810: db_cdb_mgr + 0x2810 (?is_auto_match_pdb_xfr@CDB_PWR_TILE_SETTING_INFO@@QBI_NPAV1@PAVPDB_MATCH_DATA@@@Z + 0x83b)
	   0x23190c: ccl_thr + 0x190c (thr_thread_var_get + 0xc)
	   0x2325d3: ccl_thr + 0x25d3 (thr_mutex_unlock + 0x33)
	  0x2b15eac: db_cdb_mgr + 0x15eac (?get_db_entries@CDB_CMP_ENTRY@@SIPAVCDB_DB_ENTRIES@@PBDPA_N@Z + 0x28c)
	   0x1682c5: ccl_mem + 0x82c5 (?allocate@MEM_SEGMENT_INTERNAL@@QAIPAXIPAVMEM_TRACKER_THUNK@@PBD@Z + 0x95)
		</StackTrace>
		<Subsystem>FTM</Subsystem>
	</ApplicationError>
	<Compilation>
			<CompileID>127746957810666.133451892310948</CompileID>
			<DeviceFamily>Cyclone II</DeviceFamily>
			<IncrementalCompilation>FULL_INCREMENTAL_COMPILATION</IncrementalCompilation>
			<TopLevelEntityName>nanoPCS</TopLevelEntityName>
		</Compilation>
		<DateInvoked>2012/04/15 16:42:03</DateInvoked>
		<ElapsedTime>1</ElapsedTime>
		<IP>192.168.1.106,192.168.118.1,192.168.30.1,169.254.123.129</IP>
		<IsInternal>false</IsInternal>
		<IsQt>false</IsQt>
		<License>
			<Edition>Web Edition</Edition>
			<LicenseHostID/>
		</License>
		<Machine>
			<CPUCountLogical>8</CPUCountLogical>
			<CPUCountPhysical>1</CPUCountPhysical>
			<CPUSpeed>1995</CPUSpeed>
			<Hostname>Guilherme-PC</Hostname>
			<NIC>
				<Address>742f680a9bea</Address>
			</NIC>
			<NIC>
				<Address>74f06de2ba2b</Address>
			</NIC>
			<NIC>
				<Address>742f680a9beb</Address>
			</NIC>
			<NIC>
				<Address>e89a8f2692c0</Address>
			</NIC>
			<NIC>
				<Address>08002700c424</Address>
			</NIC>
			<NIC>
				<Address>005056c00001</Address>
			</NIC>
			<NIC>
				<Address>005056c00008</Address>
			</NIC>
			<OS>Windows XP</OS>
			<OSAddressBits>64</OSAddressBits>
			<OSVersion>5.1</OSVersion>
			<Platform>windows</Platform>
			<ScreenResolution>unknown</ScreenResolution>
			<TotalPhysicalRAM>1023</TotalPhysicalRAM>
			<TotalVirtualRAM>1024</TotalVirtualRAM>
		</Machine>
		<Name>quartus_map</Name>
		<PeakMemoryUsed>0</PeakMemoryUsed>
		<ProjectRevision>
			<ProjectName>nanoPCS</ProjectName>
			<Revision>nanoPCS</Revision>
		</ProjectRevision>
		<QuartusInstallation>
			<InstallationID>127746957810667.13261495000464</InstallationID>
			<Version>
				<Build>350</Build>
				<BuildSite>SJ</BuildSite>
				<BuildSuffix/>
				<Edition>Web Edition</Edition>
				<ServicePack>2</ServicePack>
				<VersionNumber>9.1</VersionNumber>
			</Version>
		</QuartusInstallation>
		<QuartusUser>
			<AlteraUserName/>
			<FAEContactName/>
			<TalkbackStatus>
				<DateSet/>
				<TalkbackOn>true</TalkbackOn>
			</TalkbackStatus>
			<UserID>127746957810667.132615130004636</UserID>
			<UserName>Guilherme</UserName>
		</QuartusUser>
	</QuartusExecution>
	<SchemaVersion>schema_2009-08-20</SchemaVersion>
</ProgramExecution>

